date,price_usd
2020-12-01,978.25
2021-01-01,1108.8
2021-02-01,1284.74
2021-03-01,1281.0
2021-04-01,1194.6
2021-05-01,1272.0
2021-06-01,1313.13
2021-07-01,1218.87
2021-08-01,1312.5
2021-09-01,1450.0
2021-10-01,1599.98
2021-11-01,1665.55
2021-12-01,1615.91
2022-01-01,1734.65
2022-02-01,2085.0
2022-03-01,2162.5
2022-04-01,2344.62
2022-05-01,2127.07
2022-06-01,2258.81
2022-07-01,2265.86
2022-08-01,2382.5
2022-09-01,2316.7
2022-10-01,2348.0
2022-11-01,2371.75
2022-12-01,2334.32
2023-01-01,2175.0
2023-02-01,1879.5
2023-03-01,2000.0
2023-04-01,1935.57
2023-05-01,2019.93
2023-06-01,2025.0
2023-07-01,2208.0
2023-08-01,2038.5
2023-09-01,2177.84
2023-10-01,2001.54
2023-11-01,1800.57
2023-12-01,1810.39
2024-01-01,1980.81
2024-02-01,1848.72
2024-03-01,1850.0
2024-04-01,1885.82
2024-05-01,1811.74
2024-06-01,1770.34
2024-07-01,1850.0
2024-08-01,1963.75
2024-09-01,1995.59
2024-10-01,1720.0
2024-11-01,1553.0
2024-12-01,1643.28
2025-01-01,1747.9
2025-02-01,1805.0
2025-03-01,1827.5
2025-04-01,1800.0
2025-05-01,1825.14
2025-06-01,1850.25
2025-07-01,1880.92
2025-08-01,1981.58
2025-09-01,2068.85
2025-10-01,2075.0
2025-11-01,1861.06
2025-12-01,1958.5
2026-01-01,1955.29
2026-02-01,1918.73
2026-03-01,1930.75
2026-04-01,1938.42
2026-05-01,1923.0
2026-06-01,1880.96
2026-07-01,1548.52
2026-08-01,1791.03
2026-09-01,1801.09
2026-10-01,1817.01
