date,index,factor
2021-02,149,1.0797101449275361
2021-03,146,1.0579710144927537
2021-04,141,1.0217391304347827
2021-05,138,1.0
2021-06,138,1.0
2021-07,130,0.9420289855072463
2021-08,128,0.927536231884058
2021-09,129,0.9347826086956522
2021-10,127,0.9202898550724637
2021-11,129,0.9347826086956522
2021-12,156,1.1304347826086956
2022-01,199,1.4420289855072463
2022-02,199,1.4420289855072463
2022-03,192,1.391304347826087
2022-04,187,1.355072463768116
2022-05,190,1.3768115942028984
2022-06,197,1.4275362318840579
2022-07,194,1.4057971014492754
2022-08,220,1.5942028985507246
2022-09,186,1.3478260869565217
2022-10,180,1.3043478260869565
2022-11,170,1.2318840579710144
2022-12,135,0.9782608695652174
2023-01,130,0.9420289855072463
2023-02,129,0.9347826086956522
2023-03,125,0.9057971014492754
2023-04,125,0.9057971014492754
2023-05,126,0.9130434782608695
2023-06,126,0.9130434782608695
2023-07,125,0.9057971014492754
2023-08,127,0.9202898550724637
2023-09,125,0.9057971014492754
2023-10,125,0.9057971014492754
2023-11,125,0.9057971014492754
2023-12,127,0.9202898550724637
2024-01,129,0.9347826086956522
2024-02,135,0.9782608695652174
2024-03,136,0.9855072463768116
2024-04,134,0.9710144927536232
2024-05,132,0.9565217391304348
2024-06,130,0.9420289855072463
2024-07,135,0.9782608695652174
2024-08,137,0.9927536231884058
2024-09,134,0.9710144927536232
2024-10,133,0.9637681159420289
2024-11,130,0.9420289855072463
2024-12,132,0.9565217391304348
2025-01,134,0.9710144927536232
2025-02,138,1.0
2025-03,142,1.0289855072463767
2025-04,140,1.0144927536231885
2025-05,142,1.0289855072463767
2025-06,144,1.0434782608695652
2025-07,144,1.0434782608695652
2025-08,144,1.0434782608695652
2025-09,145,1.0507246376811594
2025-10,145,1.0507246376811594
2025-11,147,1.065217391304348
2025-12,145,1.0507246376811594
2026-01,147,1.065217391304348
2026-02,147,1.065217391304348
2026-03,145,1.0507246376811594
2026-05,140,1.0144927536231885
2026-06,139,1.0072463768115942
2026-07,138,1.0
2026-08,137,0.9927536231884058
2026-09,135,0.9782608695652174
2026-10,138,1.0
